Journal Name,ISSN,Impact Factor,Year,Field,Publisher
Nature,0028-0836,69.504,2023,Multidisciplinary,Springer Nature
Science,0036-8075,63.714,2023,Multidisciplinary,AAAS
Cell,0092-8674,66.850,2023,Cell Biology,Cell Press
The Lancet,0140-6736,202.731,2023,Medicine,Elsevier
Nature Medicine,1078-8956,87.241,2023,Medicine,Springer Nature
Physical Review Letters,0031-9007,9.185,2023,Physics,APS
Nature Biotechnology,1087-0156,52.624,2023,Biotechnology,Springer Nature
Journal of the American Chemical Society,0002-7863,16.383,2023,Chemistry,ACS
IEEE Transactions on Pattern Analysis and Machine Intelligence,0162-8828,24.314,2023,Computer Science,IEEE
Bioinformatics,1367-4803,6.937,2023,Bioinformatics,Oxford University Press